{"benchmarks":{"nbody":{"all_times":[0.000231,6.7e-05,6.6e-05],"stddev":9.4975435420604e-05,"name":"nbody","confidence_interval":[-3.0886109407876e-05,0.00027355277607454],"iterations":3,"memory_delta":0,"mean_time":0.00012133333333333},"spectral_norm":{"all_times":[0.000651,0.000557,0.000557],"stddev":5.4270925303825e-05,"name":"spectral_norm","confidence_interval":[0.000501352,0.00067531466666667],"iterations":3,"memory_delta":0,"mean_time":0.00058833333333333},"binary_trees":{"all_times":[0.083549,0.075593,0.075285],"stddev":0.0046848425089146,"name":"binary_trees","confidence_interval":[0.070633822181169,0.085650844485498],"iterations":3,"memory_delta":12398592,"mean_time":0.078142333333333}},"metadata":{"total_time":0.078852,"total_benchmarks":3},"system_info":{"cpu":"AMD EPYC 9R14","lua_version":"Lua 5.1","jit_version":"LuaJIT 2.1.0-beta3","timestamp":"2025-09-30 14:18:45"}}