{"benchmarks":{"spectral_norm":{"all_times":[0.000705,0.000565,0.00057],"mean_time":0.00061333333333333,"name":"spectral_norm","stddev":7.9425017049626e-05,"iterations":3,"memory_delta":0,"confidence_interval":[0.00048603692472553,0.00074062974194114]},"binary_trees":{"all_times":[0.080274,0.075048,0.073054],"mean_time":0.076125333333333,"name":"binary_trees","stddev":0.0037286170805452,"iterations":3,"memory_delta":12550144,"confidence_interval":[0.070149387956695,0.082101278709971]},"nbody":{"all_times":[0.00018299999999999,5.9000000000003e-05,5.9000000000003e-05],"mean_time":0.00010033333333333,"name":"nbody","stddev":7.1591433379505e-05,"iterations":3,"memory_delta":0,"confidence_interval":[-1.4407999999988e-05,0.00021507466666665]}},"metadata":{"total_time":0.076839,"total_benchmarks":3},"system_info":{"cpu":"AMD EPYC 9R14","lua_version":"Lua 5.1","jit_version":"LuaJIT 2.1.0-beta3","timestamp":"2025-09-30 14:15:29"}}