{
  "timestamp": "2025-10-12T22:56:28.574Z",
  "iterations": 100,
  "mean": 6.262589889999999,
  "median": 6.317458,
  "min": 0.584587,
  "max": 29.069931,
  "stdDev": 3.884746435157185,
  "p95": 11.973164,
  "p99": 29.069931
}
